id;prefix;vorname;nachname;suffix;geburtstag
1;Alaska;Cotton Garden Home Loan Accoun;killer Ghana Lead;Cotton Gibraltar Pou;2020-08-17T07:21:34
2;Incredible navigate;Ergonomic Concrete Towels;interactive Platinum bypass;Plastic Security inv;2020-08-16T11:15:15
3;Planner Supervisor;Ports Metal Sausages;model;Designer Dale New Je;2020-08-17T05:10:27
4;interactive override;Mobility Savings Account;SMTP Paradigm United States of;Central;2020-08-17T09:07:06
5;French Guiana Burund;cyan green;primary upward-trending;Nebraska dedicated;2020-08-16T14:17:22
6;web-enabled Applicat;auxiliary withdrawal payment;Fish Analyst;Ergonomic Frozen Key;2020-08-17T07:11:00
7;Credit Card Account ;Grocery magenta;compress fuchsia Granite;Switchable;2020-08-17T08:17:07
8;Manager;Soft;Tennessee;Customizable Refined;2020-08-17T07:40:48
9;Salad;experiences;Towels Ergonomic Frozen Keyboa;customized;2020-08-16T17:02:13
10;hacking;Ergonomic Frozen Towels;Bedfordshire ADP Practical Fre;Personal Loan Accoun;2020-08-16T16:34:45
